{"mean": 0.08438826104029327, "std": 0.5508014721717522, "md5": "156977a989fffe4a286a37b3fc7a2a84"}